<?xml version="1.0" encoding="UTF-8"?>
<project-private xmlns="http://www.netbeans.org/ns/project-private/1">
    <editor-bookmarks xmlns="http://www.netbeans.org/ns/editor-bookmarks/2" lastBookmarkId="0"/>
    <open-files xmlns="http://www.netbeans.org/ns/projectui-open-files/2">
        <group>
            <file>file:/C:/Users/0783170/Documents/NetBeansProjects/Trabalho23out/src/eleicoes/arquivo/Arquivo.java</file>
            <file>file:/C:/Users/0783170/Documents/NetBeansProjects/Trabalho23out/src/eleicoes/votos/Valido.java</file>
            <file>file:/C:/Users/0783170/Documents/NetBeansProjects/Trabalho23out/src/eleicoes/recursos/Situacao.java</file>
            <file>file:/C:/Users/0783170/Documents/NetBeansProjects/Trabalho23out/src/eleicoes/recursos/Urna.java</file>
            <file>file:/C:/Users/0783170/Documents/NetBeansProjects/Trabalho23out/src/trabalho23out/Menu.java</file>
            <file>file:/C:/Users/0783170/Documents/NetBeansProjects/Trabalho23out/src/trabalho23out/Trabalho23out.java</file>
            <file>file:/C:/Users/0783170/Documents/NetBeansProjects/Trabalho23out/src/eleicoes/recursos/Localizacao.java</file>
            <file>file:/C:/Users/0783170/Documents/NetBeansProjects/Trabalho23out/src/eleicoes/votos/Branco.java</file>
        </group>
    </open-files>
</project-private>
